name,family,pretax_cagr,aftertax_cagr,pretax_mdd,aftertax_mdd,is_aftertax_cagr,oos_aftertax_cagr,oos_retention,oos_pass,total_tax_paid_krw,turnover,rows,params_json,mdd_pass
baseline,baseline,0.4156743616862226,0.3859792803756308,-0.40467363761426745,-0.5343459511576858,0.4308985010729598,0.2936024227756351,0.6813725785644408,False,4216176717.128256,102.35,3673,,
A/coarse/0001,A,0.40078760536021774,0.3714208660192422,-0.3989359395495149,-0.5259206732311934,0.4109982415918467,0.2903995331683418,0.7065712301921018,True,3612409625.530177,113.9,3673,"{""dist200_enter"": 100.8, ""dist200_exit"": 99.8, ""overheat1_enter"": 139.0, ""overheat2_enter"": 146.0, ""overheat3_enter"": 149.0, ""overheat4_enter"": 151.0, ""slope_thr"": 0.1, ""tp10_cap"": 0.94, ""tp10_trigger"": 0.09, ""vol_threshold"": 0.058}",True
A/coarse/0002,A,0.40722002538801627,0.37774263421111365,-0.4031101306642578,-0.5305212222795836,0.4173975214577299,0.29656410596427785,0.7105075874158276,True,3859139117.639174,114.6,3673,"{""dist200_enter"": 100.8, ""dist200_exit"": 99.8, ""overheat1_enter"": 139.0, ""overheat2_enter"": 146.0, ""overheat3_enter"": 149.0, ""overheat4_enter"": 151.0, ""slope_thr"": 0.1, ""tp10_cap"": 0.96, ""tp10_trigger"": 0.09, ""vol_threshold"": 0.058}",True
A/coarse/0003,A,0.40036701606780656,0.371073065919862,-0.39907389087793976,-0.5260381524070864,0.4111988189142808,0.2888814915394988,0.7025348280480338,True,3589870095.33747,113.9,3673,"{""dist200_enter"": 100.8, ""dist200_exit"": 99.8, ""overheat1_enter"": 139.0, ""overheat2_enter"": 146.0, ""overheat3_enter"": 149.0, ""overheat4_enter"": 151.0, ""slope_thr"": 0.1, ""tp10_cap"": 0.94, ""tp10_trigger"": 0.11, ""vol_threshold"": 0.058}",True
A/coarse/0004,A,0.40693491990886743,0.377506484368886,-0.40320021968358755,-0.5305969098426473,0.41753010000178303,0.29554071610498456,0.7078309230968557,True,3842916095.1249933,114.6,3673,"{""dist200_enter"": 100.8, ""dist200_exit"": 99.8, ""overheat1_enter"": 139.0, ""overheat2_enter"": 146.0, ""overheat3_enter"": 149.0, ""overheat4_enter"": 151.0, ""slope_thr"": 0.1, ""tp10_cap"": 0.96, ""tp10_trigger"": 0.11, ""vol_threshold"": 0.058}",True
A/coarse/0005,A,0.3970040246582234,0.36772767652009697,-0.3989359395495149,-0.5259206732311934,0.4109982415918467,0.27885358579972763,0.6784787806383147,False,3471639381.142973,113.9,3673,"{""dist200_enter"": 100.8, ""dist200_exit"": 99.8, ""overheat1_enter"": 139.0, ""overheat2_enter"": 146.0, ""overheat3_enter"": 149.0, ""overheat4_enter"": 151.0, ""slope_thr"": 0.12, ""tp10_cap"": 0.94, ""tp10_trigger"": 0.09, ""vol_threshold"": 0.058}",True
A/coarse/0006,A,0.40325591613089196,0.37387230701793706,-0.4031101306642578,-0.5305212222795836,0.4173975214577299,0.2844639994150413,0.6815181806101097,False,3702514453.2810307,114.6,3673,"{""dist200_enter"": 100.8, ""dist200_exit"": 99.8, ""overheat1_enter"": 139.0, ""overheat2_enter"": 146.0, ""overheat3_enter"": 149.0, ""overheat4_enter"": 151.0, ""slope_thr"": 0.12, ""tp10_cap"": 0.96, ""tp10_trigger"": 0.09, ""vol_threshold"": 0.058}",True
A/coarse/0007,A,0.39658973299257894,0.36738592842851747,-0.39907389087793976,-0.5260381524070864,0.4111988189142808,0.2773650542005657,0.6745278474605387,False,3450154853.3545613,113.9,3673,"{""dist200_enter"": 100.8, ""dist200_exit"": 99.8, ""overheat1_enter"": 139.0, ""overheat2_enter"": 146.0, ""overheat3_enter"": 149.0, ""overheat4_enter"": 151.0, ""slope_thr"": 0.12, ""tp10_cap"": 0.94, ""tp10_trigger"": 0.11, ""vol_threshold"": 0.058}",True
A/coarse/0008,A,0.40297519144919103,0.3736403643742008,-0.40320021968358755,-0.5305969098426473,0.41753010000178303,0.2834611964475895,0.6789000276779542,False,3687080449.8693976,114.6,3673,"{""dist200_enter"": 100.8, ""dist200_exit"": 99.8, ""overheat1_enter"": 139.0, ""overheat2_enter"": 146.0, ""overheat3_enter"": 149.0, ""overheat4_enter"": 151.0, ""slope_thr"": 0.12, ""tp10_cap"": 0.96, ""tp10_trigger"": 0.11, ""vol_threshold"": 0.058}",True
A/coarse/0009,A,0.3997047713362636,0.3703638602553958,-0.3989359395495149,-0.5259206732311934,0.40945126795980635,0.29038522026032254,0.7092058151565624,True,3571592936.399575,115.69999999999999,3673,"{""dist200_enter"": 100.8, ""dist200_exit"": 100.0, ""overheat1_enter"": 139.0, ""overheat2_enter"": 146.0, ""overheat3_enter"": 149.0, ""overheat4_enter"": 151.0, ""slope_thr"": 0.1, ""tp10_cap"": 0.94, ""tp10_trigger"": 0.09, ""vol_threshold"": 0.058}",True
A/coarse/0010,A,0.40613131939265745,0.3766796440755278,-0.4031101306642578,-0.5305212222795836,0.4158416173798327,0.29655035920623773,0.7131329496907148,True,3815524550.54139,116.39999999999999,3673,"{""dist200_enter"": 100.8, ""dist200_exit"": 100.0, ""overheat1_enter"": 139.0, ""overheat2_enter"": 146.0, ""overheat3_enter"": 149.0, ""overheat4_enter"": 151.0, ""slope_thr"": 0.1, ""tp10_cap"": 0.96, ""tp10_trigger"": 0.09, ""vol_threshold"": 0.058}",True
A/coarse/0011,A,0.3992840767254897,0.37001592988464527,-0.39907389087793976,-0.5260381524070864,0.4096510362577481,0.28886720144879163,0.7051543286394604,True,3549288912.1699195,115.69999999999999,3673,"{""dist200_enter"": 100.8, ""dist200_exit"": 100.0, ""overheat1_enter"": 139.0, ""overheat2_enter"": 146.0, ""overheat3_enter"": 149.0, ""overheat4_enter"": 151.0, ""slope_thr"": 0.1, ""tp10_cap"": 0.94, ""tp10_trigger"": 0.11, ""vol_threshold"": 0.058}",True
A/coarse/0012,A,0.405846147218071,0.3764434097534879,-0.40320021968358755,-0.5305969098426473,0.4159736571488748,0.2955269819008328,0.71044638722174,True,3799471376.835527,116.39999999999999,3673,"{""dist200_enter"": 100.8, ""dist200_exit"": 100.0, ""overheat1_enter"": 139.0, ""overheat2_enter"": 146.0, ""overheat3_enter"": 149.0, ""overheat4_enter"": 151.0, ""slope_thr"": 0.1, ""tp10_cap"": 0.96, ""tp10_trigger"": 0.11, ""vol_threshold"": 0.058}",True
A/coarse/0013,A,0.3959241235886921,0.36667365023994636,-0.3989359395495149,-0.5259206732311934,0.40945126795980635,0.2788398157712244,0.6810085536201017,False,3432400756.9657874,115.69999999999999,3673,"{""dist200_enter"": 100.8, ""dist200_exit"": 100.0, ""overheat1_enter"": 139.0, ""overheat2_enter"": 146.0, ""overheat3_enter"": 149.0, ""overheat4_enter"": 151.0, ""slope_thr"": 0.12, ""tp10_cap"": 0.94, ""tp10_trigger"": 0.09, ""vol_threshold"": 0.058}",True
A/coarse/0014,A,0.40217028509035124,0.37281243238648565,-0.4031101306642578,-0.5305212222795836,0.4158416173798327,0.2844507843985504,0.6840363554538867,False,3660657108.2325387,116.39999999999999,3673,"{""dist200_enter"": 100.8, ""dist200_exit"": 100.0, ""overheat1_enter"": 139.0, ""overheat2_enter"": 146.0, ""overheat3_enter"": 149.0, ""overheat4_enter"": 151.0, ""slope_thr"": 0.12, ""tp10_cap"": 0.96, ""tp10_trigger"": 0.09, ""vol_threshold"": 0.058}",True
A/coarse/0015,A,0.39550972295383935,0.36633176905307074,-0.39907389087793976,-0.5260381524070864,0.4096510362577481,0.2773513086268158,0.6770428586254308,False,3411140530.259761,115.69999999999999,3673,"{""dist200_enter"": 100.8, ""dist200_exit"": 100.0, ""overheat1_enter"": 139.0, ""overheat2_enter"": 146.0, ""overheat3_enter"": 149.0, ""overheat4_enter"": 151.0, ""slope_thr"": 0.12, ""tp10_cap"": 0.94, ""tp10_trigger"": 0.11, ""vol_threshold"": 0.058}",True
A/coarse/0016,A,0.40188949116981454,0.37258040327573494,-0.40320021968358755,-0.5305969098426473,0.4159736571488748,0.2834479950946269,0.681408522446849,False,3645384562.0668826,116.39999999999999,3673,"{""dist200_enter"": 100.8, ""dist200_exit"": 100.0, ""overheat1_enter"": 139.0, ""overheat2_enter"": 146.0, ""overheat3_enter"": 149.0, ""overheat4_enter"": 151.0, ""slope_thr"": 0.12, ""tp10_cap"": 0.96, ""tp10_trigger"": 0.11, ""vol_threshold"": 0.058}",True
A/coarse/0017,A,0.4009301497720834,0.3715568435207641,-0.39893056653812176,-0.5260394490308589,0.4099571710949148,0.2930511286280624,0.7148335223540073,True,3618151483.9690533,112.1,3673,"{""dist200_enter"": 101.2, ""dist200_exit"": 99.8, ""overheat1_enter"": 139.0, ""overheat2_enter"": 146.0, ""overheat3_enter"": 149.0, ""overheat4_enter"": 151.0, ""slope_thr"": 0.1, ""tp10_cap"": 0.94, ""tp10_trigger"": 0.09, ""vol_threshold"": 0.058}",True
A/coarse/0018,A,0.4073646279299077,0.3778808570169345,-0.4031049406457873,-0.5306390964236523,0.4163518284851122,0.2992332325555158,0.7187028183454122,True,3865302091.165112,112.8,3673,"{""dist200_enter"": 101.2, ""dist200_exit"": 99.8, ""overheat1_enter"": 139.0, ""overheat2_enter"": 146.0, ""overheat3_enter"": 149.0, ""overheat4_enter"": 151.0, ""slope_thr"": 0.1, ""tp10_cap"": 0.96, ""tp10_trigger"": 0.09, ""vol_threshold"": 0.058}",True
A/coarse/0019,A,0.4005091758176964,0.37120868979889354,-0.3990685139132837,-0.5261557125337463,0.4101576940767375,0.2915287609796475,0.7107723814272874,True,3595562655.5713096,112.1,3673,"{""dist200_enter"": 101.2, ""dist200_exit"": 99.8, ""overheat1_enter"": 139.0, ""overheat2_enter"": 146.0, ""overheat3_enter"": 149.0, ""overheat4_enter"": 151.0, ""slope_thr"": 0.1, ""tp10_cap"": 0.94, ""tp10_trigger"": 0.11, ""vol_threshold"": 0.058}",True
A/coarse/0020,A,0.40707926612363443,0.37764447159171355,-0.40319502704016774,-0.5307139876938309,0.4164843698884124,0.29820693767677553,0.7160099135453111,True,3849043583.9540453,112.8,3673,"{""dist200_enter"": 101.2, ""dist200_exit"": 99.8, ""overheat1_enter"": 139.0, ""overheat2_enter"": 146.0, ""overheat3_enter"": 149.0, ""overheat4_enter"": 151.0, ""slope_thr"": 0.1, ""tp10_cap"": 0.96, ""tp10_trigger"": 0.11, ""vol_threshold"": 0.058}",True
A/coarse/0021,A,0.3971461836118457,0.3678631338859115,-0.39893056653812176,-0.5260394490308589,0.4099571710949148,0.28148097518340465,0.6866106877253164,False,3477173360.429657,112.1,3673,"{""dist200_enter"": 101.2, ""dist200_exit"": 99.8, ""overheat1_enter"": 139.0, ""overheat2_enter"": 146.0, ""overheat3_enter"": 149.0, ""overheat4_enter"": 151.0, ""slope_thr"": 0.12, ""tp10_cap"": 0.94, ""tp10_trigger"": 0.09, ""vol_threshold"": 0.058}",True
A/coarse/0022,A,0.4034001105507701,0.3740099897911151,-0.4031049406457873,-0.5306390964236523,0.4163518284851122,0.2871077427765829,0.6895796370613255,False,3708443862.327419,112.8,3673,"{""dist200_enter"": 101.2, ""dist200_exit"": 99.8, ""overheat1_enter"": 139.0, ""overheat2_enter"": 146.0, ""overheat3_enter"": 149.0, ""overheat4_enter"": 151.0, ""slope_thr"": 0.12, ""tp10_cap"": 0.96, ""tp10_trigger"": 0.09, ""vol_threshold"": 0.058}",True
A/coarse/0023,A,0.3967315088322203,0.36752103373678247,-0.3990685139132837,-0.5261557125337463,0.4101576940767375,0.279988189758019,0.6826354687512828,False,3455641669.432322,112.1,3673,"{""dist200_enter"": 101.2, ""dist200_exit"": 99.8, ""overheat1_enter"": 139.0, ""overheat2_enter"": 146.0, ""overheat3_enter"": 149.0, ""overheat4_enter"": 151.0, ""slope_thr"": 0.12, ""tp10_cap"": 0.94, ""tp10_trigger"": 0.11, ""vol_threshold"": 0.058}",True
A/coarse/0024,A,0.4031191306191477,0.37377781264398235,-0.40319502704016774,-0.5307139876938309,0.4164843698884124,0.28610208509918045,0.6869455513440638,False,3692975976.448964,112.8,3673,"{""dist200_enter"": 101.2, ""dist200_exit"": 99.8, ""overheat1_enter"": 139.0, ""overheat2_enter"": 146.0, ""overheat3_enter"": 149.0, ""overheat4_enter"": 151.0, ""slope_thr"": 0.12, ""tp10_cap"": 0.96, ""tp10_trigger"": 0.11, ""vol_threshold"": 0.058}",True
A/coarse/0025,A,0.39984721689293035,0.3704997006502462,-0.39893056653812176,-0.5260394490308589,0.40841126746686074,0.2930368418946683,0.7175043032289647,True,3577274950.2094173,113.9,3673,"{""dist200_enter"": 101.2, ""dist200_exit"": 100.0, ""overheat1_enter"": 139.0, ""overheat2_enter"": 146.0, ""overheat3_enter"": 149.0, ""overheat4_enter"": 151.0, ""slope_thr"": 0.1, ""tp10_cap"": 0.94, ""tp10_trigger"": 0.09, ""vol_threshold"": 0.058}",True
A/coarse/0026,A,0.40627582101981896,0.3768177300404214,-0.4031049406457873,-0.5306390964236523,0.41479700235468986,0.2992195165057483,0.7213637389064058,True,3821622930.369771,114.60000000000001,3673,"{""dist200_enter"": 101.2, ""dist200_exit"": 100.0, ""overheat1_enter"": 139.0, ""overheat2_enter"": 146.0, ""overheat3_enter"": 149.0, ""overheat4_enter"": 151.0, ""slope_thr"": 0.1, ""tp10_cap"": 0.96, ""tp10_trigger"": 0.09, ""vol_threshold"": 0.058}",True
A/coarse/0027,A,0.39942613786900094,0.3701514168421487,-0.3990685139132837,-0.5261557125337463,0.40861098287395325,0.2915144947656463,0.7134279473236077,True,3554922140.634767,113.9,3673,"{""dist200_enter"": 101.2, ""dist200_exit"": 100.0, ""overheat1_enter"": 139.0, ""overheat2_enter"": 146.0, ""overheat3_enter"": 149.0, ""overheat4_enter"": 151.0, ""slope_thr"": 0.1, ""tp10_cap"": 0.94, ""tp10_trigger"": 0.11, ""vol_threshold"": 0.058}",True
A/coarse/0028,A,0.4059903926838153,0.3765812602591281,-0.40319502704016774,-0.5307139876938309,0.41492900593296356,0.2981932326819814,0.718660851418418,True,3805534642.1683292,114.60000000000001,3673,"{""dist200_enter"": 101.2, ""dist200_exit"": 100.0, ""overheat1_enter"": 139.0, ""overheat2_enter"": 146.0, ""overheat3_enter"": 149.0, ""overheat4_enter"": 151.0, ""slope_thr"": 0.1, ""tp10_cap"": 0.96, ""tp10_trigger"": 0.11, ""vol_threshold"": 0.058}",True
A/coarse/0029,A,0.3960661839995494,0.3668089693138994,-0.39893056653812176,-0.5260394490308589,0.40841126746686074,0.28146722668350876,0.6891759584138984,False,3437877207.144595,113.9,3673,"{""dist200_enter"": 101.2, ""dist200_exit"": 100.0, ""overheat1_enter"": 139.0, ""overheat2_enter"": 146.0, ""overheat3_enter"": 149.0, ""overheat4_enter"": 151.0, ""slope_thr"": 0.12, ""tp10_cap"": 0.94, ""tp10_trigger"": 0.09, ""vol_threshold"": 0.058}",True
A/coarse/0030,A,0.40231437892508004,0.37294997717312306,-0.4031049406457873,-0.5306390964236523,0.41479700235468986,0.2870945538301586,0.692132662966224,False,3666524528.085267,114.60000000000001,3673,"{""dist200_enter"": 101.2, ""dist200_exit"": 100.0, ""overheat1_enter"": 139.0, ""overheat2_enter"": 146.0, ""overheat3_enter"": 149.0, ""overheat4_enter"": 151.0, ""slope_thr"": 0.12, ""tp10_cap"": 0.96, ""tp10_trigger"": 0.09, ""vol_threshold"": 0.058}",True
A/coarse/0031,A,0.3956514004988083,0.366466736254641,-0.3990685139132837,-0.5261557125337463,0.40861098287395325,0.2799744634475787,0.6851858495784587,False,3416570307.198436,113.9,3673,"{""dist200_enter"": 101.2, ""dist200_exit"": 100.0, ""overheat1_enter"": 139.0, ""overheat2_enter"": 146.0, ""overheat3_enter"": 149.0, ""overheat4_enter"": 151.0, ""slope_thr"": 0.12, ""tp10_cap"": 0.94, ""tp10_trigger"": 0.11, ""vol_threshold"": 0.058}",True
A/coarse/0032,A,0.40203332991981244,0.3727177136826456,-0.40319502704016774,-0.5307139876938309,0.41492900593296356,0.28608890833922085,0.6894888143477772,False,3651218452.455022,114.60000000000001,3673,"{""dist200_enter"": 101.2, ""dist200_exit"": 100.0, ""overheat1_enter"": 139.0, ""overheat2_enter"": 146.0, ""overheat3_enter"": 149.0, ""overheat4_enter"": 151.0, ""slope_thr"": 0.12, ""tp10_cap"": 0.96, ""tp10_trigger"": 0.11, ""vol_threshold"": 0.058}",True
A/coarse/0033,A,0.41020572809399836,0.38061575875703135,-0.4021965525777491,-0.5314266367449264,0.41753611919178524,0.3053338653532487,0.7312753348004388,True,3986030820.130329,98.0,3673,"{""dist200_enter"": 100.8, ""dist200_exit"": 99.8, ""overheat1_enter"": 139.0, ""overheat2_enter"": 146.0, ""overheat3_enter"": 149.0, ""overheat4_enter"": 151.0, ""slope_thr"": 0.1, ""tp10_cap"": 0.94, ""tp10_trigger"": 0.09, ""vol_threshold"": 0.06}",True
A/coarse/0034,A,0.41647758166551774,0.3867827987467296,-0.4063809464296113,-0.5360045551585596,0.4241463203772231,0.3105592717300907,0.7321984343843617,True,4249061636.105982,98.7,3673,"{""dist200_enter"": 100.8, ""dist200_exit"": 99.8, ""overheat1_enter"": 139.0, ""overheat2_enter"": 146.0, ""overheat3_enter"": 149.0, ""overheat4_enter"": 151.0, ""slope_thr"": 0.1, ""tp10_cap"": 0.96, ""tp10_trigger"": 0.09, ""vol_threshold"": 0.06}",True
A/coarse/0035,A,0.40994316535605746,0.3804225167957833,-0.4024199999715258,-0.531692913084196,0.4179660395346363,0.30380223853473254,0.7268586674481644,True,3967829570.3497477,98.0,3673,"{""dist200_enter"": 100.8, ""dist200_exit"": 99.8, ""overheat1_enter"": 139.0, ""overheat2_enter"": 146.0, ""overheat3_enter"": 149.0, ""overheat4_enter"": 151.0, ""slope_thr"": 0.1, ""tp10_cap"": 0.94, ""tp10_trigger"": 0.11, ""vol_threshold"": 0.06}",True
A/coarse/0036,A,0.4162983390369388,0.3866502133241807,-0.40652664205338074,-0.5361764332288451,0.42443265524277196,0.3095273233089235,0.729273111966082,True,4235944081.0027537,98.7,3673,"{""dist200_enter"": 100.8, ""dist200_exit"": 99.8, ""overheat1_enter"": 139.0, ""overheat2_enter"": 146.0, ""overheat3_enter"": 149.0, ""overheat4_enter"": 151.0, ""slope_thr"": 0.1, ""tp10_cap"": 0.96, ""tp10_trigger"": 0.11, ""vol_threshold"": 0.06}",True
A/coarse/0037,A,0.4063959134031718,0.37689599699793397,-0.4021965525777491,-0.5314266367449264,0.41753611919178524,0.2936486215868275,0.703289148146599,True,3830786428.3440065,98.0,3673,"{""dist200_enter"": 100.8, ""dist200_exit"": 99.8, ""overheat1_enter"": 139.0, ""overheat2_enter"": 146.0, ""overheat3_enter"": 149.0, ""overheat4_enter"": 151.0, ""slope_thr"": 0.12, ""tp10_cap"": 0.94, ""tp10_trigger"": 0.09, ""vol_threshold"": 0.06}",True
A/coarse/0038,A,0.41248663051516177,0.3828853470936946,-0.4063809464296113,-0.5360045551585596,0.4241463203772231,0.2983231456805915,0.7033496021261525,True,4076697495.2656384,98.7,3673,"{""dist200_enter"": 100.8, ""dist200_exit"": 99.8, ""overheat1_enter"": 139.0, ""overheat2_enter"": 146.0, ""overheat3_enter"": 149.0, ""overheat4_enter"": 151.0, ""slope_thr"": 0.12, ""tp10_cap"": 0.96, ""tp10_trigger"": 0.09, ""vol_threshold"": 0.06}",True
A/coarse/0039,A,0.4061392502297838,0.3767083968552847,-0.4024199999715258,-0.531692913084196,0.4179660395346363,0.2921467262884776,0.6989724012356459,False,3813491935.1166534,98.0,3673,"{""dist200_enter"": 100.8, ""dist200_exit"": 99.8, ""overheat1_enter"": 139.0, ""overheat2_enter"": 146.0, ""overheat3_enter"": 149.0, ""overheat4_enter"": 151.0, ""slope_thr"": 0.12, ""tp10_cap"": 0.94, ""tp10_trigger"": 0.11, ""vol_threshold"": 0.06}",True
A/coarse/0040,A,0.4123114900758793,0.38275668278100405,-0.40652664205338074,-0.5361764332288451,0.42443265524277196,0.2973119284637167,0.7004925864944503,True,4064257798.9371333,98.7,3673,"{""dist200_enter"": 100.8, ""dist200_exit"": 99.8, ""overheat1_enter"": 139.0, ""overheat2_enter"": 146.0, ""overheat3_enter"": 149.0, ""overheat4_enter"": 151.0, ""slope_thr"": 0.12, ""tp10_cap"": 0.96, ""tp10_trigger"": 0.11, ""vol_threshold"": 0.06}",True
A/coarse/0041,A,0.4091154462718116,0.3795512105143002,-0.4021965525777491,-0.5314266367449264,0.415981239492762,0.3053195636185482,0.7339743590139975,True,3941019665.4799104,99.8,3673,"{""dist200_enter"": 100.8, ""dist200_exit"": 100.0, ""overheat1_enter"": 139.0, ""overheat2_enter"": 146.0, ""overheat3_enter"": 149.0, ""overheat4_enter"": 151.0, ""slope_thr"": 0.1, ""tp10_cap"": 0.94, ""tp10_trigger"": 0.09, ""vol_threshold"": 0.06}",True
A/coarse/0042,A,0.41538154589999876,0.38571240368761117,-0.4063809464296113,-0.5360045551585596,0.4225822818489766,0.31054560731706826,0.7348760718464096,True,4201065876.161236,100.5,3673,"{""dist200_enter"": 100.8, ""dist200_exit"": 100.0, ""overheat1_enter"": 139.0, ""overheat2_enter"": 146.0, ""overheat3_enter"": 149.0, ""overheat4_enter"": 151.0, ""slope_thr"": 0.1, ""tp10_cap"": 0.96, ""tp10_trigger"": 0.09, ""vol_threshold"": 0.06}",True
A/coarse/0043,A,0.4088526507782124,0.37935770727562934,-0.4024199999715258,-0.531692913084196,0.41641007420237774,0.30378797908110333,0.7295404167706582,True,3923003556.301177,99.8,3673,"{""dist200_enter"": 100.8, ""dist200_exit"": 100.0, ""overheat1_enter"": 139.0, ""overheat2_enter"": 146.0, ""overheat3_enter"": 149.0, ""overheat4_enter"": 151.0, ""slope_thr"": 0.1, ""tp10_cap"": 0.94, ""tp10_trigger"": 0.11, ""vol_threshold"": 0.06}",True
A/coarse/0044,A,0.4152021512675166,0.38557964638236664,-0.40652664205338074,-0.5361764332288451,0.4228678930286427,0.30951368406924384,0.7319394287716214,True,4188082133.7979465,100.5,3673,"{""dist200_enter"": 100.8, ""dist200_exit"": 100.0, ""overheat1_enter"": 139.0, ""overheat2_enter"": 146.0, ""overheat3_enter"": 149.0, ""overheat4_enter"": 151.0, ""slope_thr"": 0.1, ""tp10_cap"": 0.96, ""tp10_trigger"": 0.11, ""vol_threshold"": 0.06}",True
A/coarse/0045,A,0.4053085847188156,0.37583443864621846,-0.4021965525777491,-0.5314266367449264,0.415981239492762,0.2936348292842412,0.7058847885599188,True,3787515838.855553,99.8,3673,"{""dist200_enter"": 100.8, ""dist200_exit"": 100.0, ""overheat1_enter"": 139.0, ""overheat2_enter"": 146.0, ""overheat3_enter"": 149.0, ""overheat4_enter"": 151.0, ""slope_thr"": 0.12, ""tp10_cap"": 0.94, ""tp10_trigger"": 0.09, ""vol_threshold"": 0.06}",True
A/coarse/0046,A,0.4113936904038604,0.381818078898015,-0.4063809464296113,-0.5360045551585596,0.4225822818489766,0.29830998024321387,0.7059216466388066,True,4030635812.8097754,100.5,3673,"{""dist200_enter"": 100.8, ""dist200_exit"": 100.0, ""overheat1_enter"": 139.0, ""overheat2_enter"": 146.0, ""overheat3_enter"": 149.0, ""overheat4_enter"": 151.0, ""slope_thr"": 0.12, ""tp10_cap"": 0.96, ""tp10_trigger"": 0.09, ""vol_threshold"": 0.06}",True
A/coarse/0047,A,0.40505168544497683,0.3756465744966355,-0.4024199999715258,-0.531692913084196,0.41641007420237774,0.2921329769405083,0.7015511752449342,True,3770397009.9284363,99.8,3673,"{""dist200_enter"": 100.8, ""dist200_exit"": 100.0, ""overheat1_enter"": 139.0, ""overheat2_enter"": 146.0, ""overheat3_enter"": 149.0, ""overheat4_enter"": 151.0, ""slope_thr"": 0.12, ""tp10_cap"": 0.94, ""tp10_trigger"": 0.11, ""vol_threshold"": 0.06}",True
A/coarse/0048,A,0.4112183956319049,0.38168924079239397,-0.40652664205338074,-0.5361764332288451,0.4228678930286427,0.2972987886782139,0.7030535861895681,True,4018322832.7614665,100.5,3673,"{""dist200_enter"": 100.8, ""dist200_exit"": 100.0, ""overheat1_enter"": 139.0, ""overheat2_enter"": 146.0, ""overheat3_enter"": 149.0, ""overheat4_enter"": 151.0, ""slope_thr"": 0.12, ""tp10_cap"": 0.96, ""tp10_trigger"": 0.11, ""vol_threshold"": 0.06}",True
A/coarse/0049,A,0.410349518162588,0.38075328659453334,-0.40219149583959835,-0.531539387961846,0.41649044180378714,0.30801768159955434,0.7395552230816009,True,3992336381.6318283,96.19999999999999,3673,"{""dist200_enter"": 101.2, ""dist200_exit"": 99.8, ""overheat1_enter"": 139.0, ""overheat2_enter"": 146.0, ""overheat3_enter"": 149.0, ""overheat4_enter"": 151.0, ""slope_thr"": 0.1, ""tp10_cap"": 0.94, ""tp10_trigger"": 0.09, ""vol_threshold"": 0.06}",True
A/coarse/0050,A,0.41662343147930647,0.38692254800322434,-0.40637606935278503,-0.5361162545351271,0.42309586671387356,0.3132586776678188,0.7403964498657364,True,4255819128.311618,96.9,3673,"{""dist200_enter"": 101.2, ""dist200_exit"": 99.8, ""overheat1_enter"": 139.0, ""overheat2_enter"": 146.0, ""overheat3_enter"": 149.0, ""overheat4_enter"": 151.0, ""slope_thr"": 0.1, ""tp10_cap"": 0.96, ""tp10_trigger"": 0.09, ""vol_threshold"": 0.06}",True
A/coarse/0051,A,0.4100865823298243,0.38055970807354544,-0.40241494862278937,-0.5318043379326056,0.41692014291508483,0.30648168911859264,0.7351088555608946,True,3974090540.1969166,96.19999999999999,3673,"{""dist200_enter"": 101.2, ""dist200_exit"": 99.8, ""overheat1_enter"": 139.0, ""overheat2_enter"": 146.0, ""overheat3_enter"": 149.0, ""overheat4_enter"": 151.0, ""slope_thr"": 0.1, ""tp10_cap"": 0.94, ""tp10_trigger"": 0.11, ""vol_threshold"": 0.06}",True
A/coarse/0052,A,0.416443940521648,0.3867897384488628,-0.4065217683625494,-0.5362872629502528,0.4233820538077404,0.3122237992473895,0.7374516620139305,True,4242669549.3909984,96.9,3673,"{""dist200_enter"": 101.2, ""dist200_exit"": 99.8, ""overheat1_enter"": 139.0, ""overheat2_enter"": 146.0, ""overheat3_enter"": 149.0, ""overheat4_enter"": 151.0, ""slope_thr"": 0.1, ""tp10_cap"": 0.96, ""tp10_trigger"": 0.11, ""vol_threshold"": 0.06}",True
A/coarse/0053,A,0.4065393144345264,0.3770330134297415,-0.40219149583959835,-0.531539387961846,0.41649044180378714,0.29630797053417446,0.7114400254922733,True,3836862266.744234,96.19999999999999,3673,"{""dist200_enter"": 101.2, ""dist200_exit"": 99.8, ""overheat1_enter"": 139.0, ""overheat2_enter"": 146.0, ""overheat3_enter"": 149.0, ""overheat4_enter"": 151.0, ""slope_thr"": 0.12, ""tp10_cap"": 0.94, ""tp10_trigger"": 0.09, ""vol_threshold"": 0.06}",True
A/coarse/0054,A,0.4126320684762408,0.38302456445561917,-0.40637606935278503,-0.5361162545351271,0.42309586671387356,0.3009969121798548,0.7114153927280258,True,4083197417.092837,96.9,3673,"{""dist200_enter"": 101.2, ""dist200_exit"": 99.8, ""overheat1_enter"": 139.0, ""overheat2_enter"": 146.0, ""overheat3_enter"": 149.0, ""overheat4_enter"": 151.0, ""slope_thr"": 0.12, ""tp10_cap"": 0.96, ""tp10_trigger"": 0.09, ""vol_threshold"": 0.06}",True
A/coarse/0055,A,0.4062822796806467,0.3768450784479005,-0.40241494862278937,-0.5318043379326056,0.41692014291508483,0.2948017829869636,0.7070941234110787,True,3819525163.997816,96.19999999999999,3673,"{""dist200_enter"": 101.2, ""dist200_exit"": 99.8, ""overheat1_enter"": 139.0, ""overheat2_enter"": 146.0, ""overheat3_enter"": 149.0, ""overheat4_enter"": 151.0, ""slope_thr"": 0.12, ""tp10_cap"": 0.94, ""tp10_trigger"": 0.11, ""vol_threshold"": 0.06}",True
A/coarse/0056,A,0.41245668076101616,0.38289567719171935,-0.4065217683625494,-0.5362872629502528,0.4233820538077404,0.29998281607473887,0.7085392811924955,True,4070727180.81812,96.9,3673,"{""dist200_enter"": 101.2, ""dist200_exit"": 99.8, ""overheat1_enter"": 139.0, ""overheat2_enter"": 146.0, ""overheat3_enter"": 149.0, ""overheat4_enter"": 151.0, ""slope_thr"": 0.12, ""tp10_cap"": 0.96, ""tp10_trigger"": 0.11, ""vol_threshold"": 0.06}",True
A/coarse/0057,A,0.4092591359347082,0.37968860318627895,-0.40219149583959835,-0.531539387961846,0.4149366405290904,0.30800341043986035,0.7422902206156624,True,3947259071.196976,98.0,3673,"{""dist200_enter"": 101.2, ""dist200_exit"": 100.0, ""overheat1_enter"": 139.0, ""overheat2_enter"": 146.0, ""overheat3_enter"": 149.0, ""overheat4_enter"": 151.0, ""slope_thr"": 0.1, ""tp10_cap"": 0.94, ""tp10_trigger"": 0.09, ""vol_threshold"": 0.06}",True
A/coarse/0058,A,0.4155272932502898,0.3858520177826821,-0.40637606935278503,-0.5361162545351271,0.42153291473988785,0.3132450475096189,0.7431093434374174,True,4207752110.841606,98.69999999999999,3673,"{""dist200_enter"": 101.2, ""dist200_exit"": 100.0, ""overheat1_enter"": 139.0, ""overheat2_enter"": 146.0, ""overheat3_enter"": 149.0, ""overheat4_enter"": 151.0, ""slope_thr"": 0.1, ""tp10_cap"": 0.96, ""tp10_trigger"": 0.09, ""vol_threshold"": 0.06}",True
A/coarse/0059,A,0.4089959675692181,0.37949476360726275,-0.40241494862278937,-0.5318043379326056,0.4153652577163305,0.30646745797126673,0.7378264124838423,True,3929198827.7781887,98.0,3673,"{""dist200_enter"": 101.2, ""dist200_exit"": 100.0, ""overheat1_enter"": 139.0, ""overheat2_enter"": 146.0, ""overheat3_enter"": 149.0, ""overheat4_enter"": 151.0, ""slope_thr"": 0.1, ""tp10_cap"": 0.94, ""tp10_trigger"": 0.11, ""vol_threshold"": 0.06}",True
A/coarse/0060,A,0.4153476504373339,0.38571903649021033,-0.4065217683625494,-0.5362872629502528,0.4218183792702488,0.3122101927804741,0.7401531278001726,True,4194736674.1678414,98.69999999999999,3673,"{""dist200_enter"": 101.2, ""dist200_exit"": 100.0, ""overheat1_enter"": 139.0, ""overheat2_enter"": 146.0, ""overheat3_enter"": 149.0, ""overheat4_enter"": 151.0, ""slope_thr"": 0.1, ""tp10_cap"": 0.96, ""tp10_trigger"": 0.11, ""vol_threshold"": 0.06}",True
A/coarse/0061,A,0.4054518856585687,0.37597131885638757,-0.40219149583959835,-0.531539387961846,0.4149366405290904,0.29629420448294064,0.7140709581711862,True,3793528081.610581,98.0,3673,"{""dist200_enter"": 101.2, ""dist200_exit"": 100.0, ""overheat1_enter"": 139.0, ""overheat2_enter"": 146.0, ""overheat3_enter"": 149.0, ""overheat4_enter"": 151.0, ""slope_thr"": 0.12, ""tp10_cap"": 0.94, ""tp10_trigger"": 0.09, ""vol_threshold"": 0.06}",True
A/coarse/0062,A,0.41153902623287264,0.3819571600777556,-0.40637606935278503,-0.5361162545351271,0.42153291473988785,0.3009837766776515,0.7140220043395125,True,4037067350.7467375,98.69999999999999,3673,"{""dist200_enter"": 101.2, ""dist200_exit"": 100.0, ""overheat1_enter"": 139.0, ""overheat2_enter"": 146.0, ""overheat3_enter"": 149.0, ""overheat4_enter"": 151.0, ""slope_thr"": 0.12, ""tp10_cap"": 0.96, ""tp10_trigger"": 0.09, ""vol_threshold"": 0.06}",True
A/coarse/0063,A,0.40519461502642984,0.3757831200890309,-0.40241494862278937,-0.5318043379326056,0.4153652577163305,0.2947880576597084,0.7097080272925256,True,3776367079.505398,98.0,3673,"{""dist200_enter"": 101.2, ""dist200_exit"": 100.0, ""overheat1_enter"": 139.0, ""overheat2_enter"": 146.0, ""overheat3_enter"": 149.0, ""overheat4_enter"": 151.0, ""slope_thr"": 0.12, ""tp10_cap"": 0.94, ""tp10_trigger"": 0.11, ""vol_threshold"": 0.06}",True
A/coarse/0064,A,0.4113634843330576,0.3818280991667655,-0.4065217683625494,-0.5362872629502528,0.4218183792702488,0.29996970476782736,0.7111347430777644,True,4024724144.463486,98.69999999999999,3673,"{""dist200_enter"": 101.2, ""dist200_exit"": 100.0, ""overheat1_enter"": 139.0, ""overheat2_enter"": 146.0, ""overheat3_enter"": 149.0, ""overheat4_enter"": 151.0, ""slope_thr"": 0.12, ""tp10_cap"": 0.96, ""tp10_trigger"": 0.11, ""vol_threshold"": 0.06}",True
A/fine/0001,A,0.42703364474478867,0.39711968003392384,-0.40867584332871265,-0.5384057222935843,0.43996970527106893,0.309131493488235,0.7026199526573689,True,4734400904.661682,103.05,3673,"{""dist200_enter"": 101.19, ""dist200_exit"": 99.79, ""overheat1_enter"": 139.0, ""overheat2_enter"": 146.0, ""overheat3_enter"": 149.0, ""overheat4_enter"": 151.0, ""slope_thr"": 0.09, ""tp10_cap"": 0.97, ""tp10_trigger"": 0.08, ""vol_threshold"": 0.059}",True
A/fine/0002,A,0.4225734902597873,0.39273407069694843,-0.40659452342709956,-0.5364809172776597,0.43418509548918904,0.3077134747495567,0.7087149649917418,True,4525720725.580327,100.9,3673,"{""dist200_enter"": 101.2, ""dist200_exit"": 99.8, ""overheat1_enter"": 139.0, ""overheat2_enter"": 146.0, ""overheat3_enter"": 149.0, ""overheat4_enter"": 151.0, ""slope_thr"": 0.1, ""tp10_cap"": 0.96, ""tp10_trigger"": 0.09, ""vol_threshold"": 0.059}",True
A/fine/0003,A,0.4160438283107244,0.386337116394718,-0.40466871594150233,-0.534457328200968,0.43141559660037876,0.2936258629370496,0.6806102172727796,False,4232720130.8908772,100.54999999999998,3673,"{""dist200_enter"": 101.21, ""dist200_exit"": 99.81, ""overheat1_enter"": 139.0, ""overheat2_enter"": 146.0, ""overheat3_enter"": 149.0, ""overheat4_enter"": 151.0, ""slope_thr"": 0.11, ""tp10_cap"": 0.95, ""tp10_trigger"": 0.1, ""vol_threshold"": 0.059}",True
A/fine/0004,A,0.42101159750864237,0.3912375280845586,-0.4084677370513826,-0.5380583727451115,0.4287451050754787,0.314712904907853,0.7340326482618365,True,4449632719.228568,99.05,3673,"{""dist200_enter"": 101.19, ""dist200_exit"": 99.79, ""overheat1_enter"": 139.0, ""overheat2_enter"": 146.0, ""overheat3_enter"": 149.0, ""overheat4_enter"": 151.0, ""slope_thr"": 0.09, ""tp10_cap"": 0.97, ""tp10_trigger"": 0.08, ""vol_threshold"": 0.06}",True
A/fine/0005,A,0.41662343147930647,0.38692254800322434,-0.40637606935278503,-0.5361162545351271,0.42309586671387356,0.3132586776678188,0.7403964498657364,True,4255819128.311618,96.9,3673,"{""dist200_enter"": 101.2, ""dist200_exit"": 99.8, ""overheat1_enter"": 139.0, ""overheat2_enter"": 146.0, ""overheat3_enter"": 149.0, ""overheat4_enter"": 151.0, ""slope_thr"": 0.1, ""tp10_cap"": 0.96, ""tp10_trigger"": 0.09, ""vol_threshold"": 0.06}",True
A/fine/0006,A,0.4101736109385714,0.3806046388307256,-0.4044403560760539,-0.5340747622255373,0.42043897979834766,0.29908041477102243,0.7113527268914703,True,3982347004.444753,96.54999999999998,3673,"{""dist200_enter"": 101.21, ""dist200_exit"": 99.81, ""overheat1_enter"": 139.0, ""overheat2_enter"": 146.0, ""overheat3_enter"": 149.0, ""overheat4_enter"": 151.0, ""slope_thr"": 0.11, ""tp10_cap"": 0.95, ""tp10_trigger"": 0.1, ""vol_threshold"": 0.06}",True
A/fine/0007,A,0.4235166012055851,0.39368424384663214,-0.4084677370513826,-0.5380583727451115,0.43232245211386866,0.31474344823813327,0.7280293833900479,True,4566105625.45369,101.05,3673,"{""dist200_enter"": 101.19, ""dist200_exit"": 99.79, ""overheat1_enter"": 139.0, ""overheat2_enter"": 146.0, ""overheat3_enter"": 149.0, ""overheat4_enter"": 151.0, ""slope_thr"": 0.09, ""tp10_cap"": 0.97, ""tp10_trigger"": 0.08, ""vol_threshold"": 0.061}",True
A/fine/0008,A,0.4191196505643995,0.3893605520014851,-0.40637606935278503,-0.5361162545351271,0.4266574585008247,0.31328911687510486,0.734287214797393,True,4367183375.53011,98.9,3673,"{""dist200_enter"": 101.2, ""dist200_exit"": 99.8, ""overheat1_enter"": 139.0, ""overheat2_enter"": 146.0, ""overheat3_enter"": 149.0, ""overheat4_enter"": 151.0, ""slope_thr"": 0.1, ""tp10_cap"": 0.96, ""tp10_trigger"": 0.09, ""vol_threshold"": 0.061}",True
A/fine/0009,A,0.4126572956989265,0.38302994544885416,-0.4044403560760539,-0.5340747622255373,0.4239916376665849,0.2991104400982034,0.7054630646593447,True,4086558934.897788,98.54999999999998,3673,"{""dist200_enter"": 101.21, ""dist200_exit"": 99.81, ""overheat1_enter"": 139.0, ""overheat2_enter"": 146.0, ""overheat3_enter"": 149.0, ""overheat4_enter"": 151.0, ""slope_thr"": 0.11, ""tp10_cap"": 0.95, ""tp10_trigger"": 0.1, ""vol_threshold"": 0.061}",True
A/fine/0010,A,0.42808318969856374,0.3981461895474141,-0.40877826476573886,-0.5385868644063143,0.44083154900011134,0.3105096867077948,0.7043726507598855,True,4785549601.181019,103.05,3673,"{""dist200_enter"": 101.19, ""dist200_exit"": 99.79, ""overheat1_enter"": 139.0, ""overheat2_enter"": 146.0, ""overheat3_enter"": 149.0, ""overheat4_enter"": 151.0, ""slope_thr"": 0.09, ""tp10_cap"": 0.97, ""tp10_trigger"": 0.1, ""vol_threshold"": 0.059}",True
A/fine/0011,A,0.4225010181095352,0.39270592661288806,-0.4068006925474691,-0.5367530759770753,0.43462784744916494,0.3066841028976952,0.7056246043543395,True,4516763772.380164,100.9,3673,"{""dist200_enter"": 101.2, ""dist200_exit"": 99.8, ""overheat1_enter"": 139.0, ""overheat2_enter"": 146.0, ""overheat3_enter"": 149.0, ""overheat4_enter"": 151.0, ""slope_thr"": 0.1, ""tp10_cap"": 0.96, ""tp10_trigger"": 0.11, ""vol_threshold"": 0.059}",True
A/fine/0012,A,0.4156400642614546,0.38605429584159,-0.4049164039469496,-0.5348091019263558,0.4319763539877308,0.2915658098070131,0.6749578006190918,False,4201386180.68539,100.5,3673,"{""dist200_enter"": 101.21, ""dist200_exit"": 99.81, ""overheat1_enter"": 139.0, ""overheat2_enter"": 146.0, ""overheat3_enter"": 149.0, ""overheat4_enter"": 151.0, ""slope_thr"": 0.11, ""tp10_cap"": 0.95, ""tp10_trigger"": 0.12, ""vol_threshold"": 0.059}",True
A/fine/0013,A,0.42205663739578614,0.39225951592347097,-0.4085705879238385,-0.5382403310754493,0.4295998327423156,0.31609721767203336,0.7357945547935912,True,4497717790.489133,99.05,3673,"{""dist200_enter"": 101.19, ""dist200_exit"": 99.79, ""overheat1_enter"": 139.0, ""overheat2_enter"": 146.0, ""overheat3_enter"": 149.0, ""overheat4_enter"": 151.0, ""slope_thr"": 0.09, ""tp10_cap"": 0.97, ""tp10_trigger"": 0.1, ""vol_threshold"": 0.06}",True
A/fine/0014,A,0.416443940521648,0.3867897384488628,-0.4065217683625494,-0.5362872629502528,0.4233820538077404,0.3122237992473895,0.7374516620139305,True,4242669549.3909984,96.9,3673,"{""dist200_enter"": 101.2, ""dist200_exit"": 99.8, ""overheat1_enter"": 139.0, ""overheat2_enter"": 146.0, ""overheat3_enter"": 149.0, ""overheat4_enter"": 151.0, ""slope_thr"": 0.1, ""tp10_cap"": 0.96, ""tp10_trigger"": 0.11, ""vol_threshold"": 0.06}",True
A/fine/0015,A,0.40963803824140554,0.3801927034657018,-0.404611844416092,-0.5342987325766693,0.42080430240974454,0.2970106079983559,0.7058164716889026,True,3947359922.439801,96.5,3673,"{""dist200_enter"": 101.21, ""dist200_exit"": 99.81, ""overheat1_enter"": 139.0, ""overheat2_enter"": 146.0, ""overheat3_enter"": 149.0, ""overheat4_enter"": 151.0, ""slope_thr"": 0.11, ""tp10_cap"": 0.95, ""tp10_trigger"": 0.12, ""vol_threshold"": 0.06}",True
A/fine/0016,A,0.42456364597914975,0.394708241243505,-0.4085705879238385,-0.5382403310754493,0.43317964493266303,0.3161277589440228,0.7297844269510038,True,4615449944.592094,101.05,3673,"{""dist200_enter"": 101.19, ""dist200_exit"": 99.79, ""overheat1_enter"": 139.0, ""overheat2_enter"": 146.0, ""overheat3_enter"": 149.0, ""overheat4_enter"": 151.0, ""slope_thr"": 0.09, ""tp10_cap"": 0.97, ""tp10_trigger"": 0.1, ""vol_threshold"": 0.061}",True
A/fine/0017,A,0.41893986468029354,0.3892275081294765,-0.4065217683625494,-0.5362872629502528,0.4269443780753477,0.31225417770299524,0.7313696906155027,True,4353694672.626881,98.9,3673,"{""dist200_enter"": 101.2, ""dist200_exit"": 99.8, ""overheat1_enter"": 139.0, ""overheat2_enter"": 146.0, ""overheat3_enter"": 149.0, ""overheat4_enter"": 151.0, ""slope_thr"": 0.1, ""tp10_cap"": 0.96, ""tp10_trigger"": 0.11, ""vol_threshold"": 0.061}",True
A/fine/0018,A,0.41212080545862295,0.3826172745851193,-0.404611844416092,-0.5342987325766693,0.424357932880677,0.2970404222331473,0.6999761267964102,False,4050665093.4812565,98.5,3673,"{""dist200_enter"": 101.21, ""dist200_exit"": 99.81, ""overheat1_enter"": 139.0, ""overheat2_enter"": 146.0, ""overheat3_enter"": 149.0, ""overheat4_enter"": 151.0, ""slope_thr"": 0.11, ""tp10_cap"": 0.95, ""tp10_trigger"": 0.12, ""vol_threshold"": 0.061}",True
A/fine/0019,A,0.4268860956305742,0.39697801334771676,-0.40868052782033615,-0.538297447255621,0.44103198040766123,0.30643918004227366,0.6948230370029431,False,4726890699.525765,104.85,3673,"{""dist200_enter"": 100.79, ""dist200_exit"": 99.79, ""overheat1_enter"": 139.0, ""overheat2_enter"": 146.0, ""overheat3_enter"": 149.0, ""overheat4_enter"": 151.0, ""slope_thr"": 0.09, ""tp10_cap"": 0.97, ""tp10_trigger"": 0.08, ""vol_threshold"": 0.059}",True
A/fine/0020,A,0.4224270506485861,0.39259356156948466,-0.40659937960490844,-0.536369634971962,0.4352432160935469,0.305026053359418,0.7008174787814699,True,4518561635.318291,102.7,3673,"{""dist200_enter"": 100.8, ""dist200_exit"": 99.8, ""overheat1_enter"": 139.0, ""overheat2_enter"": 146.0, ""overheat3_enter"": 149.0, ""overheat4_enter"": 151.0, ""slope_thr"": 0.1, ""tp10_cap"": 0.96, ""tp10_trigger"": 0.09, ""vol_threshold"": 0.059}",True
A/fine/0021,A,0.41589867576539663,0.38619807349537494,-0.40467363761426745,-0.5343459511576858,0.43247170482898745,0.2909698715998419,0.6728067255056612,False,4226024477.7937427,102.35,3673,"{""dist200_enter"": 100.81, ""dist200_exit"": 99.81, ""overheat1_enter"": 139.0, ""overheat2_enter"": 146.0, ""overheat3_enter"": 149.0, ""overheat4_enter"": 151.0, ""slope_thr"": 0.11, ""tp10_cap"": 0.95, ""tp10_trigger"": 0.1, ""vol_threshold"": 0.059}",True
A/fine/0022,A,0.4208646491962691,0.39109662983748206,-0.4084724409668776,-0.5379497058496591,0.4297996031158988,0.3120085459034112,0.7259395858941164,True,4442548155.883993,100.85,3673,"{""dist200_enter"": 100.79, ""dist200_exit"": 99.79, ""overheat1_enter"": 139.0, ""overheat2_enter"": 146.0, ""overheat3_enter"": 149.0, ""overheat4_enter"": 151.0, ""slope_thr"": 0.09, ""tp10_cap"": 0.97, ""tp10_trigger"": 0.08, ""vol_threshold"": 0.06}",True
A/fine/0023,A,0.41647758166551774,0.3867827987467296,-0.4063809464296113,-0.5360045551585596,0.4241463203772231,0.3105592717300907,0.7321984343843617,True,4249061636.105982,98.7,3673,"{""dist200_enter"": 100.8, ""dist200_exit"": 99.8, ""overheat1_enter"": 139.0, ""overheat2_enter"": 146.0, ""overheat3_enter"": 149.0, ""overheat4_enter"": 151.0, ""slope_thr"": 0.1, ""tp10_cap"": 0.96, ""tp10_trigger"": 0.09, ""vol_threshold"": 0.06}",True
A/fine/0024,A,0.4100290368365862,0.38046635462042855,-0.4044452997111547,-0.5339629538314039,0.42148750373677846,0.2964126746319673,0.703253766728702,True,3976022285.830289,98.35,3673,"{""dist200_enter"": 100.81, ""dist200_exit"": 99.81, ""overheat1_enter"": 139.0, ""overheat2_enter"": 146.0, ""overheat3_enter"": 149.0, ""overheat4_enter"": 151.0, ""slope_thr"": 0.11, ""tp10_cap"": 0.95, ""tp10_trigger"": 0.1, ""vol_threshold"": 0.06}",True
A/fine/0025,A,0.42336940547185375,0.39354302704955235,-0.4084724409668776,-0.5379497058496591,0.43337942885439484,0.3120391581150208,0.7200137739344765,True,4558847080.622528,102.85,3673,"{""dist200_enter"": 100.79, ""dist200_exit"": 99.79, ""overheat1_enter"": 139.0, ""overheat2_enter"": 146.0, ""overheat3_enter"": 149.0, ""overheat4_enter"": 151.0, ""slope_thr"": 0.09, ""tp10_cap"": 0.97, ""tp10_trigger"": 0.08, ""vol_threshold"": 0.061}",True
A/fine/0026,A,0.41897355578571394,0.3892204850259142,-0.4063809464296113,-0.5360045551585596,0.42771037463576467,0.31058978734165366,0.7261684676368907,True,4360260284.058283,100.7,3673,"{""dist200_enter"": 100.8, ""dist200_exit"": 99.8, ""overheat1_enter"": 139.0, ""overheat2_enter"": 146.0, ""overheat3_enter"": 149.0, ""overheat4_enter"": 151.0, ""slope_thr"": 0.1, ""tp10_cap"": 0.96, ""tp10_trigger"": 0.09, ""vol_threshold"": 0.061}",True
A/fine/0027,A,0.4125124792485899,0.38289134116243195,-0.4044452997111547,-0.5339629538314039,0.42504261630029605,0.2964427622603578,0.6974424466908481,False,4080079918.069269,100.35,3673,"{""dist200_enter"": 100.81, ""dist200_exit"": 99.81, ""overheat1_enter"": 139.0, ""overheat2_enter"": 146.0, ""overheat3_enter"": 149.0, ""overheat4_enter"": 151.0, ""slope_thr"": 0.11, ""tp10_cap"": 0.95, ""tp10_trigger"": 0.1, ""vol_threshold"": 0.061}",True
A/fine/0028,A,0.42793545336633154,0.3980043165139988,-0.4087829279442432,-0.538478679339768,0.4418944560635405,0.30781422907834366,0.6965786170308566,False,4777957907.620335,104.85,3673,"{""dist200_enter"": 100.79, ""dist200_exit"": 99.79, ""overheat1_enter"": 139.0, ""overheat2_enter"": 146.0, ""overheat3_enter"": 149.0, ""overheat4_enter"": 151.0, ""slope_thr"": 0.09, ""tp10_cap"": 0.97, ""tp10_trigger"": 0.1, ""vol_threshold"": 0.059}",True
A/fine/0029,A,0.4223548186552235,0.3925656304499143,-0.4068055394963379,-0.5366427763031265,0.43568623087075187,0.30399959135730725,0.6977489069364002,False,4509631286.504359,102.7,3673,"{""dist200_enter"": 100.8, ""dist200_exit"": 99.8, ""overheat1_enter"": 139.0, ""overheat2_enter"": 146.0, ""overheat3_enter"": 149.0, ""overheat4_enter"": 151.0, ""slope_thr"": 0.1, ""tp10_cap"": 0.96, ""tp10_trigger"": 0.11, ""vol_threshold"": 0.059}",True
A/fine/0030,A,0.4154952382957853,0.38591554694751173,-0.4049213137743709,-0.5346987151032325,0.43303280896015717,0.2889150155440918,0.6671896668473325,False,4194752408.6314554,102.3,3673,"{""dist200_enter"": 100.81, ""dist200_exit"": 99.81, ""overheat1_enter"": 139.0, ""overheat2_enter"": 146.0, ""overheat3_enter"": 149.0, ""overheat4_enter"": 151.0, ""slope_thr"": 0.11, ""tp10_cap"": 0.95, ""tp10_trigger"": 0.12, ""vol_threshold"": 0.059}",True
A/fine/0031,A,0.4219095027912909,0.3921184109091631,-0.40857527043739816,-0.5381317542902984,0.4306549564729545,0.3133896983689395,0.7277048450471524,True,4490556554.107856,100.85,3673,"{""dist200_enter"": 100.79, ""dist200_exit"": 99.79, ""overheat1_enter"": 139.0, ""overheat2_enter"": 146.0, ""overheat3_enter"": 149.0, ""overheat4_enter"": 151.0, ""slope_thr"": 0.09, ""tp10_cap"": 0.97, ""tp10_trigger"": 0.1, ""vol_threshold"": 0.06}",True
A/fine/0032,A,0.4162983390369388,0.3866502133241807,-0.40652664205338074,-0.5361764332288451,0.42443265524277196,0.3095273233089235,0.729273111966082,True,4235944081.0027537,98.7,3673,"{""dist200_enter"": 100.8, ""dist200_exit"": 99.8, ""overheat1_enter"": 139.0, ""overheat2_enter"": 146.0, ""overheat3_enter"": 149.0, ""overheat4_enter"": 151.0, ""slope_thr"": 0.1, ""tp10_cap"": 0.96, ""tp10_trigger"": 0.11, ""vol_threshold"": 0.06}",True
A/fine/0033,A,0.4094938006866671,0.38005472774500393,-0.4046167836059137,-0.5341877726315172,0.4218530304909296,0.2943480962506033,0.6977503418857914,False,3941101552.7781696,98.3,3673,"{""dist200_enter"": 100.81, ""dist200_exit"": 99.81, ""overheat1_enter"": 139.0, ""overheat2_enter"": 146.0, ""overheat3_enter"": 149.0, ""overheat4_enter"": 151.0, ""slope_thr"": 0.11, ""tp10_cap"": 0.95, ""tp10_trigger"": 0.12, ""vol_threshold"": 0.06}",True
A/fine/0034,A,0.42441626353864903,0.39456681783106307,-0.40857527043739816,-0.5381317542902984,0.43423724947004105,0.31342030963702716,0.7217720497712637,True,4608112748.282087,102.85,3673,"{""dist200_enter"": 100.79, ""dist200_exit"": 99.79, ""overheat1_enter"": 139.0, ""overheat2_enter"": 146.0, ""overheat3_enter"": 149.0, ""overheat4_enter"": 151.0, ""slope_thr"": 0.09, ""tp10_cap"": 0.97, ""tp10_trigger"": 0.1, ""vol_threshold"": 0.061}",True
A/fine/0035,A,0.41879401865390253,0.3890876657172928,-0.40652664205338074,-0.5361764332288451,0.4279974439084009,0.30955777484031755,0.7232701485632435,True,4346804412.898351,100.7,3673,"{""dist200_enter"": 100.8, ""dist200_exit"": 99.8, ""overheat1_enter"": 139.0, ""overheat2_enter"": 146.0, ""overheat3_enter"": 149.0, ""overheat4_enter"": 151.0, ""slope_thr"": 0.1, ""tp10_cap"": 0.96, ""tp10_trigger"": 0.11, ""vol_threshold"": 0.061}",True
A/fine/0036,A,0.41197632612767876,0.3824789791548098,-0.4046167836059137,-0.5341877726315172,0.42540911779998103,0.2943779688805901,0.691987916015944,False,4044254119.1404066,100.3,3673,"{""dist200_enter"": 100.81, ""dist200_exit"": 99.81, ""overheat1_enter"": 139.0, ""overheat2_enter"": 146.0, ""overheat3_enter"": 149.0, ""overheat4_enter"": 151.0, ""slope_thr"": 0.11, ""tp10_cap"": 0.95, ""tp10_trigger"": 0.12, ""vol_threshold"": 0.061}",True
A/fine/0037,A,0.425929040795874,0.3960406783048811,-0.40867584332871265,-0.5384057222935843,0.4383868041632768,0.3091190898787499,0.7051286374113094,True,4680935691.913465,104.85,3673,"{""dist200_enter"": 101.19, ""dist200_exit"": 99.99, ""overheat1_enter"": 139.0, ""overheat2_enter"": 146.0, ""overheat3_enter"": 149.0, ""overheat4_enter"": 151.0, ""slope_thr"": 0.09, ""tp10_cap"": 0.97, ""tp10_trigger"": 0.08, ""vol_threshold"": 0.059}",True
A/fine/0038,A,0.42147271522321805,0.39165886669292926,-0.40659452342709956,-0.5364809172776597,0.43260914457468624,0.30770110711716936,0.711268152733298,True,4474624182.437485,102.69999999999999,3673,"{""dist200_enter"": 101.2, ""dist200_exit"": 100.0, ""overheat1_enter"": 139.0, ""overheat2_enter"": 146.0, ""overheat3_enter"": 149.0, ""overheat4_enter"": 151.0, ""slope_thr"": 0.1, ""tp10_cap"": 0.96, ""tp10_trigger"": 0.09, ""vol_threshold"": 0.059}",True
A/fine/0039,A,0.41494848338968016,0.3852674108495826,-0.40466871594150233,-0.534457328200968,0.42984349045812476,0.29361366498149866,0.6830710979676972,False,4184924814.7668705,102.35,3673,"{""dist200_enter"": 101.21, ""dist200_exit"": 100.01, ""overheat1_enter"": 139.0, ""overheat2_enter"": 146.0, ""overheat3_enter"": 149.0, ""overheat4_enter"": 151.0, ""slope_thr"": 0.11, ""tp10_cap"": 0.95, ""tp10_trigger"": 0.1, ""vol_threshold"": 0.059}",True
A/fine/0040,A,0.4199116865921628,0.39016325461485457,-0.4084677370513826,-0.5380583727451115,0.42717535974519794,0.3146992290556485,0.7366979903601197,True,4399364922.877079,100.85,3673,"{""dist200_enter"": 101.19, ""dist200_exit"": 99.99, ""overheat1_enter"": 139.0, ""overheat2_enter"": 146.0, ""overheat3_enter"": 149.0, ""overheat4_enter"": 151.0, ""slope_thr"": 0.09, ""tp10_cap"": 0.97, ""tp10_trigger"": 0.08, ""vol_threshold"": 0.06}",True
A/fine/0041,A,0.4155272932502898,0.3858520177826821,-0.40637606935278503,-0.5361162545351271,0.42153291473988785,0.3132450475096189,0.7431093434374174,True,4207752110.841606,98.69999999999999,3673,"{""dist200_enter"": 101.2, ""dist200_exit"": 100.0, ""overheat1_enter"": 139.0, ""overheat2_enter"": 146.0, ""overheat3_enter"": 149.0, ""overheat4_enter"": 151.0, ""slope_thr"": 0.1, ""tp10_cap"": 0.96, ""tp10_trigger"": 0.09, ""vol_threshold"": 0.06}",True
A/fine/0042,A,0.4090828403146043,0.37953955418821206,-0.4044403560760539,-0.5340747622255373,0.41887975731010374,0.29906696846176906,0.713968539282658,True,3937361105.4443803,98.35,3673,"{""dist200_enter"": 101.21, ""dist200_exit"": 100.01, ""overheat1_enter"": 139.0, ""overheat2_enter"": 146.0, ""overheat3_enter"": 149.0, ""overheat4_enter"": 151.0, ""slope_thr"": 0.11, ""tp10_cap"": 0.95, ""tp10_trigger"": 0.1, ""vol_threshold"": 0.06}",True
A/fine/0043,A,0.42241458652373165,0.39260785448285485,-0.4084677370513826,-0.5380583727451115,0.430748290850701,0.31473011368917914,0.7306589959245267,True,4514523007.037386,102.85,3673,"{""dist200_enter"": 101.19, ""dist200_exit"": 99.99, ""overheat1_enter"": 139.0, ""overheat2_enter"": 146.0, ""overheat3_enter"": 149.0, ""overheat4_enter"": 151.0, ""slope_thr"": 0.09, ""tp10_cap"": 0.97, ""tp10_trigger"": 0.08, ""vol_threshold"": 0.061}",True
A/fine/0044,A,0.41802141725134745,0.3882879136775419,-0.40637606935278503,-0.5361162545351271,0.4250901112371108,0.3132758267214475,0.7369633365729026,True,4317859660.949958,100.69999999999999,3673,"{""dist200_enter"": 101.2, ""dist200_exit"": 100.0, ""overheat1_enter"": 139.0, ""overheat2_enter"": 146.0, ""overheat3_enter"": 149.0, ""overheat4_enter"": 151.0, ""slope_thr"": 0.1, ""tp10_cap"": 0.96, ""tp10_trigger"": 0.09, ""vol_threshold"": 0.061}",True
A/fine/0045,A,0.41156444183535257,0.3819627602680018,-0.4044403560760539,-0.5340747622255373,0.4224280270946563,0.29909732893793284,0.7080432872672818,True,4040397479.102046,100.35,3673,"{""dist200_enter"": 101.21, ""dist200_exit"": 100.01, ""overheat1_enter"": 139.0, ""overheat2_enter"": 146.0, ""overheat3_enter"": 149.0, ""overheat4_enter"": 151.0, ""slope_thr"": 0.11, ""tp10_cap"": 0.95, ""tp10_trigger"": 0.1, ""vol_threshold"": 0.061}",True
A/fine/0046,A,0.4269776242364798,0.39706622688124305,-0.40877826476573886,-0.5385868644063143,0.4392474484828117,0.3104972817873084,0.7068846566093565,True,4731502604.139945,104.85,3673,"{""dist200_enter"": 101.19, ""dist200_exit"": 99.99, ""overheat1_enter"": 139.0, ""overheat2_enter"": 146.0, ""overheat3_enter"": 149.0, ""overheat4_enter"": 151.0, ""slope_thr"": 0.09, ""tp10_cap"": 0.97, ""tp10_trigger"": 0.1, ""vol_threshold"": 0.059}",True
A/fine/0047,A,0.42140000559468516,0.3916304640194641,-0.4068006925474691,-0.5367530759770753,0.4330509854642446,0.3066717709843494,0.7081655077071061,True,4465753453.66922,102.69999999999999,3673,"{""dist200_enter"": 101.2, ""dist200_exit"": 100.0, ""overheat1_enter"": 139.0, ""overheat2_enter"": 146.0, ""overheat3_enter"": 149.0, ""overheat4_enter"": 151.0, ""slope_thr"": 0.1, ""tp10_cap"": 0.96, ""tp10_trigger"": 0.11, ""vol_threshold"": 0.059}",True
A/fine/0048,A,0.4145446625832794,0.3849844600072796,-0.4049164039469496,-0.5348091019263558,0.4304030798548468,0.29155371206701175,0.6773969000531735,False,4153925893.083049,102.3,3673,"{""dist200_enter"": 101.21, ""dist200_exit"": 100.01, ""overheat1_enter"": 139.0, ""overheat2_enter"": 146.0, ""overheat3_enter"": 149.0, ""overheat4_enter"": 151.0, ""slope_thr"": 0.11, ""tp10_cap"": 0.95, ""tp10_trigger"": 0.12, ""vol_threshold"": 0.059}",True
A/fine/0049,A,0.4209557688794179,0.3911842842372266,-0.4085705879238385,-0.5382403310754493,0.42802889482572026,0.3160835417457897,0.7384630934191694,True,4446903031.682867,100.85,3673,"{""dist200_enter"": 101.19, ""dist200_exit"": 99.99, ""overheat1_enter"": 139.0, ""overheat2_enter"": 146.0, ""overheat3_enter"": 149.0, ""overheat4_enter"": 151.0, ""slope_thr"": 0.09, ""tp10_cap"": 0.97, ""tp10_trigger"": 0.1, ""vol_threshold"": 0.06}",True
A/fine/0050,A,0.4153476504373339,0.38571903649021033,-0.4065217683625494,-0.5362872629502528,0.4218183792702488,0.3122101927804741,0.7401531278001726,True,4194736674.1678414,98.69999999999999,3673,"{""dist200_enter"": 101.2, ""dist200_exit"": 100.0, ""overheat1_enter"": 139.0, ""overheat2_enter"": 146.0, ""overheat3_enter"": 149.0, ""overheat4_enter"": 151.0, ""slope_thr"": 0.1, ""tp10_cap"": 0.96, ""tp10_trigger"": 0.11, ""vol_threshold"": 0.06}",True
A/fine/0051,A,0.4085473163615976,0.3791275962080711,-0.404611844416092,-0.5342987325766693,0.4192441463386751,0.29699725185795534,0.7084112072921683,True,3902751047.6550465,98.3,3673,"{""dist200_enter"": 101.21, ""dist200_exit"": 100.01, ""overheat1_enter"": 139.0, ""overheat2_enter"": 146.0, ""overheat3_enter"": 149.0, ""overheat4_enter"": 151.0, ""slope_thr"": 0.11, ""tp10_cap"": 0.95, ""tp10_trigger"": 0.12, ""vol_threshold"": 0.06}",True
A/fine/0052,A,0.42346067211046234,0.39363089257344197,-0.4085705879238385,-0.5382403310754493,0.43160428892863245,0.3161144243662928,0.7324172453220538,True,4563305987.832712,102.85,3673,"{""dist200_enter"": 101.19, ""dist200_exit"": 99.99, ""overheat1_enter"": 139.0, ""overheat2_enter"": 146.0, ""overheat3_enter"": 149.0, ""overheat4_enter"": 151.0, ""slope_thr"": 0.09, ""tp10_cap"": 0.97, ""tp10_trigger"": 0.1, ""vol_threshold"": 0.061}",True
A/fine/0053,A,0.4178414794312575,0.3881546977043804,-0.4065217683625494,-0.5362872629502528,0.42537630635799406,0.31224091065120896,0.7340345618320099,True,4304508606.6936,100.69999999999999,3673,"{""dist200_enter"": 101.2, ""dist200_exit"": 100.0, ""overheat1_enter"": 139.0, ""overheat2_enter"": 146.0, ""overheat3_enter"": 149.0, ""overheat4_enter"": 151.0, ""slope_thr"": 0.1, ""tp10_cap"": 0.96, ""tp10_trigger"": 0.11, ""vol_threshold"": 0.061}",True
A/fine/0054,A,0.411028000699422,0.38155006661482616,-0.404611844416092,-0.5342987325766693,0.42279338668987165,0.2970273989997878,0.7025355844027523,True,4004890513.985103,100.3,3673,"{""dist200_enter"": 101.21, ""dist200_exit"": 100.01, ""overheat1_enter"": 139.0, ""overheat2_enter"": 146.0, ""overheat3_enter"": 149.0, ""overheat4_enter"": 151.0, ""slope_thr"": 0.11, ""tp10_cap"": 0.95, ""tp10_trigger"": 0.12, ""vol_threshold"": 0.061}",True
A/fine/0055,A,0.42578159601627474,0.3958991460208383,-0.40868052782033615,-0.538297447255621,0.4394479715173545,0.3064267494630466,0.6972992693651456,False,4673505114.346691,106.65,3673,"{""dist200_enter"": 100.79, ""dist200_exit"": 99.99, ""overheat1_enter"": 139.0, ""overheat2_enter"": 146.0, ""overheat3_enter"": 149.0, ""overheat4_enter"": 151.0, ""slope_thr"": 0.09, ""tp10_cap"": 0.97, ""tp10_trigger"": 0.08, ""vol_threshold"": 0.059}",True
A/fine/0056,A,0.42132637871414946,0.39151849144533024,-0.40659937960490844,-0.536369634971962,0.4336661642643942,0.3050136556597387,0.7033374535389861,True,4467540839.214712,104.5,3673,"{""dist200_enter"": 100.8, ""dist200_exit"": 100.0, ""overheat1_enter"": 139.0, ""overheat2_enter"": 146.0, ""overheat3_enter"": 149.0, ""overheat4_enter"": 151.0, ""slope_thr"": 0.1, ""tp10_cap"": 0.96, ""tp10_trigger"": 0.09, ""vol_threshold"": 0.059}",True
A/fine/0057,A,0.4148034327641583,0.38512850277445243,-0.40467363761426745,-0.5343459511576858,0.4308985010729598,0.2909576494501551,0.6752347681081632,False,4178299706.725413,104.15,3673,"{""dist200_enter"": 100.81, ""dist200_exit"": 100.01, ""overheat1_enter"": 139.0, ""overheat2_enter"": 146.0, ""overheat3_enter"": 149.0, ""overheat4_enter"": 151.0, ""slope_thr"": 0.11, ""tp10_cap"": 0.95, ""tp10_trigger"": 0.1, ""vol_threshold"": 0.059}",True
A/fine/0058,A,0.4197648419734348,0.3900224920264843,-0.4084724409668776,-0.5379497058496591,0.42822876437510593,0.31199483916856297,0.7285704864404481,True,4392355226.588385,102.65,3673,"{""dist200_enter"": 100.79, ""dist200_exit"": 99.99, ""overheat1_enter"": 139.0, ""overheat2_enter"": 146.0, ""overheat3_enter"": 149.0, ""overheat4_enter"": 151.0, ""slope_thr"": 0.09, ""tp10_cap"": 0.97, ""tp10_trigger"": 0.08, ""vol_threshold"": 0.06}",True
A/fine/0059,A,0.41538154589999876,0.38571240368761117,-0.4063809464296113,-0.5360045551585596,0.4225822818489766,0.31054560731706826,0.7348760718464096,True,4201065876.161236,100.5,3673,"{""dist200_enter"": 100.8, ""dist200_exit"": 100.0, ""overheat1_enter"": 139.0, ""overheat2_enter"": 146.0, ""overheat3_enter"": 149.0, ""overheat4_enter"": 151.0, ""slope_thr"": 0.1, ""tp10_cap"": 0.96, ""tp10_trigger"": 0.09, ""vol_threshold"": 0.06}",True
A/fine/0060,A,0.4089383674978373,0.37940140619097473,-0.4044452997111547,-0.5339629538314039,0.41992719790709665,0.29639920038028245,0.7058347300616067,True,3931102786.748869,100.15,3673,"{""dist200_enter"": 100.81, ""dist200_exit"": 100.01, ""overheat1_enter"": 139.0, ""overheat2_enter"": 146.0, ""overheat3_enter"": 149.0, ""overheat4_enter"": 151.0, ""slope_thr"": 0.11, ""tp10_cap"": 0.95, ""tp10_trigger"": 0.1, ""vol_threshold"": 0.06}",True
A/fine/0061,A,0.4222674948048206,0.39246677286565546,-0.4084724409668776,-0.5379497058496591,0.43180416946145983,0.31202579342700854,0.7226094963746246,True,4507341287.511011,104.65,3673,"{""dist200_enter"": 100.79, ""dist200_exit"": 99.99, ""overheat1_enter"": 139.0, ""overheat2_enter"": 146.0, ""overheat3_enter"": 149.0, ""overheat4_enter"": 151.0, ""slope_thr"": 0.09, ""tp10_cap"": 0.97, ""tp10_trigger"": 0.08, ""vol_threshold"": 0.061}",True
A/fine/0062,A,0.4178754252591548,0.3881479813700932,-0.4063809464296113,-0.5360045551585596,0.4261419360695624,0.3105764637597692,0.7288099045691467,True,4311009690.009081,102.5,3673,"{""dist200_enter"": 100.8, ""dist200_exit"": 100.0, ""overheat1_enter"": 139.0, ""overheat2_enter"": 146.0, ""overheat3_enter"": 149.0, ""overheat4_enter"": 151.0, ""slope_thr"": 0.1, ""tp10_cap"": 0.96, ""tp10_trigger"": 0.09, ""vol_threshold"": 0.061}",True
A/fine/0063,A,0.4114197269934132,0.38182429165058496,-0.4044452997111547,-0.5339629538314039,0.4234779176335317,0.29642962382584503,0.6999883854212408,False,4033986597.3334503,102.15,3673,"{""dist200_enter"": 100.81, ""dist200_exit"": 100.01, ""overheat1_enter"": 139.0, ""overheat2_enter"": 146.0, ""overheat3_enter"": 149.0, ""overheat4_enter"": 151.0, ""slope_thr"": 0.11, ""tp10_cap"": 0.95, ""tp10_trigger"": 0.1, ""vol_threshold"": 0.061}",True
A/fine/0064,A,0.4268299924493757,0.39692448822255266,-0.4087829279442432,-0.538478679339768,0.44030924679455374,0.3078017967175055,0.699058216374739,False,4723991450.5702915,106.65,3673,"{""dist200_enter"": 100.79, ""dist200_exit"": 99.99, ""overheat1_enter"": 139.0, ""overheat2_enter"": 146.0, ""overheat3_enter"": 149.0, ""overheat4_enter"": 151.0, ""slope_thr"": 0.09, ""tp10_cap"": 0.97, ""tp10_trigger"": 0.1, ""vol_threshold"": 0.059}",True
A/fine/0065,A,0.4212539091109584,0.3914903015757252,-0.4068055394963379,-0.5366427763031265,0.43410826669654257,0.30398723076847123,0.700256719554639,True,4458696447.517266,104.5,3673,"{""dist200_enter"": 100.8, ""dist200_exit"": 100.0, ""overheat1_enter"": 139.0, ""overheat2_enter"": 146.0, ""overheat3_enter"": 149.0, ""overheat4_enter"": 151.0, ""slope_thr"": 0.1, ""tp10_cap"": 0.96, ""tp10_trigger"": 0.11, ""vol_threshold"": 0.059}",True
A/fine/0066,A,0.4143999383555643,0.38484584580864034,-0.4049213137743709,-0.5346987151032325,0.43145843572655007,0.2889028952442516,0.6695961217162355,False,4147362010.3829603,104.1,3673,"{""dist200_enter"": 100.81, ""dist200_exit"": 100.01, ""overheat1_enter"": 139.0, ""overheat2_enter"": 146.0, ""overheat3_enter"": 149.0, ""overheat4_enter"": 151.0, ""slope_thr"": 0.11, ""tp10_cap"": 0.95, ""tp10_trigger"": 0.12, ""vol_threshold"": 0.059}",True
A/fine/0067,A,0.4208087381794119,0.39104331484086896,-0.40857527043739816,-0.5381317542902984,0.429082924172852,0.31337599105885716,0.7303389937107276,True,4439817520.179917,102.65,3673,"{""dist200_enter"": 100.79, ""dist200_exit"": 99.99, ""overheat1_enter"": 139.0, ""overheat2_enter"": 146.0, ""overheat3_enter"": 149.0, ""overheat4_enter"": 151.0, ""slope_thr"": 0.09, ""tp10_cap"": 0.97, ""tp10_trigger"": 0.1, ""vol_threshold"": 0.06}",True
A/fine/0068,A,0.4152021512675166,0.38557964638236664,-0.40652664205338074,-0.5361764332288451,0.4228678930286427,0.30951368406924384,0.7319394287716214,True,4188082133.7979465,100.5,3673,"{""dist200_enter"": 100.8, ""dist200_exit"": 100.0, ""overheat1_enter"": 139.0, ""overheat2_enter"": 146.0, ""overheat3_enter"": 149.0, ""overheat4_enter"": 151.0, ""slope_thr"": 0.1, ""tp10_cap"": 0.96, ""tp10_trigger"": 0.11, ""vol_threshold"": 0.06}",True
A/fine/0069,A,0.4084031798889509,0.3789897565995479,-0.4046167836059137,-0.5341877726315172,0.4202917897912961,0.29433471390878396,0.7003104059085747,True,3896558370.405477,100.1,3673,"{""dist200_enter"": 100.81, ""dist200_exit"": 100.01, ""overheat1_enter"": 139.0, ""overheat2_enter"": 146.0, ""overheat3_enter"": 149.0, ""overheat4_enter"": 151.0, ""slope_thr"": 0.11, ""tp10_cap"": 0.95, ""tp10_trigger"": 0.12, ""vol_threshold"": 0.06}",True
A/fine/0070,A,0.4233133938952891,0.3934896043054883,-0.40857527043739816,-0.5381317542902984,0.43266079436413407,0.3134069444317622,0.7243710280991951,True,4556046497.190773,104.65,3673,"{""dist200_enter"": 100.79, ""dist200_exit"": 99.99, ""overheat1_enter"": 139.0, ""overheat2_enter"": 146.0, ""overheat3_enter"": 149.0, ""overheat4_enter"": 151.0, ""slope_thr"": 0.09, ""tp10_cap"": 0.97, ""tp10_trigger"": 0.1, ""vol_threshold"": 0.061}",True
A/fine/0071,A,0.4176957360423552,0.3880149898156511,-0.40652664205338074,-0.5361764332288451,0.4264282797783858,0.3095444758056394,0.7259004397328179,True,4297691129.375286,102.5,3673,"{""dist200_enter"": 100.8, ""dist200_exit"": 100.0, ""overheat1_enter"": 139.0, ""overheat2_enter"": 146.0, ""overheat3_enter"": 149.0, ""overheat4_enter"": 151.0, ""slope_thr"": 0.1, ""tp10_cap"": 0.96, ""tp10_trigger"": 0.11, ""vol_threshold"": 0.061}",True
A/fine/0072,A,0.41088362277319046,0.38141190675033276,-0.4046167836059137,-0.5341877726315172,0.42384348223956514,0.2943649200709848,0.6945132635178842,False,3998546948.7092113,102.1,3673,"{""dist200_enter"": 100.81, ""dist200_exit"": 100.01, ""overheat1_enter"": 139.0, ""overheat2_enter"": 146.0, ""overheat3_enter"": 149.0, ""overheat4_enter"": 151.0, ""slope_thr"": 0.11, ""tp10_cap"": 0.95, ""tp10_trigger"": 0.12, ""vol_threshold"": 0.061}",True
A/fine/0073,A,0.4210868559014136,0.3913034178792245,-0.408663158545605,-0.5386991510357642,0.4371362658702447,0.2970018566628716,0.6794262564136712,False,4454074019.66133,101.25,3673,"{""dist200_enter"": 101.19, ""dist200_exit"": 99.79, ""overheat1_enter"": 139.0, ""overheat2_enter"": 146.0, ""overheat3_enter"": 149.0, ""overheat4_enter"": 151.0, ""slope_thr"": 0.11, ""tp10_cap"": 0.97, ""tp10_trigger"": 0.08, ""vol_threshold"": 0.059}",True
A/fine/0074,A,0.41856532298442395,0.38881913899953746,-0.40659452342709956,-0.5364809172776597,0.43418509548918904,0.2955015730955468,0.6805889381407949,False,4342222820.461994,100.9,3673,"{""dist200_enter"": 101.2, ""dist200_exit"": 99.8, ""overheat1_enter"": 139.0, ""overheat2_enter"": 146.0, ""overheat3_enter"": 149.0, ""overheat4_enter"": 151.0, ""slope_thr"": 0.12, ""tp10_cap"": 0.96, ""tp10_trigger"": 0.09, ""vol_threshold"": 0.059}",True
A/fine/0075,A,0.4160438283107244,0.386337116394718,-0.40466871594150233,-0.534457328200968,0.43141559660037876,0.2936258629370496,0.6806102172727796,False,4232720130.8908772,100.54999999999998,3673,"{""dist200_enter"": 101.21, ""dist200_exit"": 99.81, ""overheat1_enter"": 139.0, ""overheat2_enter"": 146.0, ""overheat3_enter"": 149.0, ""overheat4_enter"": 151.0, ""slope_thr"": 0.13, ""tp10_cap"": 0.95, ""tp10_trigger"": 0.1, ""vol_threshold"": 0.059}",True
A/fine/0076,A,0.4150900069054415,0.3854462247524828,-0.40845499967183296,-0.5383528644721288,0.4259323929084755,0.3025360087149851,0.7102911489053948,True,4186126065.6872654,97.25,3673,"{""dist200_enter"": 101.19, ""dist200_exit"": 99.79, ""overheat1_enter"": 139.0, ""overheat2_enter"": 146.0, ""overheat3_enter"": 149.0, ""overheat4_enter"": 151.0, ""slope_thr"": 0.11, ""tp10_cap"": 0.97, ""tp10_trigger"": 0.08, ""vol_threshold"": 0.06}",True
A/fine/0077,A,0.4126320684762408,0.38302456445561917,-0.40637606935278503,-0.5361162545351271,0.42309586671387356,0.3009969121798548,0.7114153927280258,True,4083197417.092837,96.9,3673,"{""dist200_enter"": 101.2, ""dist200_exit"": 99.8, ""overheat1_enter"": 139.0, ""overheat2_enter"": 146.0, ""overheat3_enter"": 149.0, ""overheat4_enter"": 151.0, ""slope_thr"": 0.12, ""tp10_cap"": 0.96, ""tp10_trigger"": 0.09, ""vol_threshold"": 0.06}",True
A/fine/0078,A,0.4101736109385714,0.3806046388307256,-0.4044403560760539,-0.5340747622255373,0.42043897979834766,0.29908041477102243,0.7113527268914703,True,3982347004.444753,96.54999999999998,3673,"{""dist200_enter"": 101.21, ""dist200_exit"": 99.81, ""overheat1_enter"": 139.0, ""overheat2_enter"": 146.0, ""overheat3_enter"": 149.0, ""overheat4_enter"": 151.0, ""slope_thr"": 0.13, ""tp10_cap"": 0.95, ""tp10_trigger"": 0.1, ""vol_threshold"": 0.06}",True
A/fine/0079,A,0.4175845217998613,0.3878825492849669,-0.40845499967183296,-0.5383528644721288,0.4295031338039683,0.3025646727513198,0.7044527709765557,True,4295719055.831137,99.25,3673,"{""dist200_enter"": 101.19, ""dist200_exit"": 99.79, ""overheat1_enter"": 139.0, ""overheat2_enter"": 146.0, ""overheat3_enter"": 149.0, ""overheat4_enter"": 151.0, ""slope_thr"": 0.11, ""tp10_cap"": 0.97, ""tp10_trigger"": 0.08, ""vol_threshold"": 0.061}",True
A/fine/0080,A,0.4151212374144986,0.3854554542538142,-0.40637606935278503,-0.5361162545351271,0.4266574585008247,0.30102624675427037,0.7055454926582245,True,4190074031.9353695,98.9,3673,"{""dist200_enter"": 101.2, ""dist200_exit"": 99.8, ""overheat1_enter"": 139.0, ""overheat2_enter"": 146.0, ""overheat3_enter"": 149.0, ""overheat4_enter"": 151.0, ""slope_thr"": 0.12, ""tp10_cap"": 0.96, ""tp10_trigger"": 0.09, ""vol_threshold"": 0.061}",True
A/fine/0081,A,0.4126572956989265,0.38302994544885416,-0.4044403560760539,-0.5340747622255373,0.4239916376665849,0.2991104400982034,0.7054630646593447,True,4086558934.897788,98.54999999999998,3673,"{""dist200_enter"": 101.21, ""dist200_exit"": 99.81, ""overheat1_enter"": 139.0, ""overheat2_enter"": 146.0, ""overheat3_enter"": 149.0, ""overheat4_enter"": 151.0, ""slope_thr"": 0.13, ""tp10_cap"": 0.95, ""tp10_trigger"": 0.1, ""vol_threshold"": 0.061}",True
A/fine/0082,A,0.4220274424359727,0.39222343381612723,-0.40876563769377705,-0.538880048991764,0.437996424170471,0.29804957202536353,0.6804840304115376,False,4497348306.704256,101.25,3673,"{""dist200_enter"": 101.19, ""dist200_exit"": 99.79, ""overheat1_enter"": 139.0, ""overheat2_enter"": 146.0, ""overheat3_enter"": 149.0, ""overheat4_enter"": 151.0, ""slope_thr"": 0.11, ""tp10_cap"": 0.97, ""tp10_trigger"": 0.1, ""vol_threshold"": 0.059}",True
A/fine/0083,A,0.418496667096786,0.3887946256678412,-0.4068006925474691,-0.5367530759770753,0.43462784744916494,0.2944928477801012,0.6775747332079216,False,4333786019.789556,100.9,3673,"{""dist200_enter"": 101.2, ""dist200_exit"": 99.8, ""overheat1_enter"": 139.0, ""overheat2_enter"": 146.0, ""overheat3_enter"": 149.0, ""overheat4_enter"": 151.0, ""slope_thr"": 0.12, ""tp10_cap"": 0.96, ""tp10_trigger"": 0.11, ""vol_threshold"": 0.059}",True
A/fine/0084,A,0.4156400642614546,0.38605429584159,-0.4049164039469496,-0.5348091019263558,0.4319763539877308,0.2915658098070131,0.6749578006190918,False,4201386180.68539,100.5,3673,"{""dist200_enter"": 101.21, ""dist200_exit"": 99.81, ""overheat1_enter"": 139.0, ""overheat2_enter"": 146.0, ""overheat3_enter"": 149.0, ""overheat4_enter"": 151.0, ""slope_thr"": 0.13, ""tp10_cap"": 0.95, ""tp10_trigger"": 0.12, ""vol_threshold"": 0.059}",True
A/fine/0085,A,0.4160265487698709,0.3863621796458443,-0.40855790849592777,-0.5385345782656489,0.42678545181481997,0.3035884629606298,0.7113374218115459,True,4226807848.231509,97.25,3673,"{""dist200_enter"": 101.19, ""dist200_exit"": 99.79, ""overheat1_enter"": 139.0, ""overheat2_enter"": 146.0, ""overheat3_enter"": 149.0, ""overheat4_enter"": 151.0, ""slope_thr"": 0.11, ""tp10_cap"": 0.97, ""tp10_trigger"": 0.1, ""vol_threshold"": 0.06}",True
A/fine/0086,A,0.41245668076101616,0.38289567719171935,-0.4065217683625494,-0.5362872629502528,0.4233820538077404,0.29998281607473887,0.7085392811924955,True,4070727180.81812,96.9,3673,"{""dist200_enter"": 101.2, ""dist200_exit"": 99.8, ""overheat1_enter"": 139.0, ""overheat2_enter"": 146.0, ""overheat3_enter"": 149.0, ""overheat4_enter"": 151.0, ""slope_thr"": 0.12, ""tp10_cap"": 0.96, ""tp10_trigger"": 0.11, ""vol_threshold"": 0.06}",True
A/fine/0087,A,0.40963803824140554,0.3801927034657018,-0.404611844416092,-0.5342987325766693,0.42080430240974454,0.2970106079983559,0.7058164716889026,True,3947359922.439801,96.5,3673,"{""dist200_enter"": 101.21, ""dist200_exit"": 99.81, ""overheat1_enter"": 139.0, ""overheat2_enter"": 146.0, ""overheat3_enter"": 149.0, ""overheat4_enter"": 151.0, ""slope_thr"": 0.13, ""tp10_cap"": 0.95, ""tp10_trigger"": 0.12, ""vol_threshold"": 0.06}",True
A/fine/0088,A,0.41852287652170506,0.3888003215394873,-0.40855790849592777,-0.5385345782656489,0.430358652233481,0.3036171039436595,0.7054978501488083,True,4337467020.523173,99.25,3673,"{""dist200_enter"": 101.19, ""dist200_exit"": 99.79, ""overheat1_enter"": 139.0, ""overheat2_enter"": 146.0, ""overheat3_enter"": 149.0, ""overheat4_enter"": 151.0, ""slope_thr"": 0.11, ""tp10_cap"": 0.97, ""tp10_trigger"": 0.1, ""vol_threshold"": 0.061}",True
A/fine/0089,A,0.41494556188643417,0.3853263388571979,-0.4065217683625494,-0.5362872629502528,0.4269443780753477,0.30001208905739496,0.7026959586863291,True,4177282290.5777526,98.9,3673,"{""dist200_enter"": 101.2, ""dist200_exit"": 99.8, ""overheat1_enter"": 139.0, ""overheat2_enter"": 146.0, ""overheat3_enter"": 149.0, ""overheat4_enter"": 151.0, ""slope_thr"": 0.12, ""tp10_cap"": 0.96, ""tp10_trigger"": 0.11, ""vol_threshold"": 0.061}",True
A/fine/0090,A,0.41212080545862295,0.3826172745851193,-0.404611844416092,-0.5342987325766693,0.424357932880677,0.2970404222331473,0.6999761267964102,False,4050665093.4812565,98.5,3673,"{""dist200_enter"": 101.21, ""dist200_exit"": 99.81, ""overheat1_enter"": 139.0, ""overheat2_enter"": 146.0, ""overheat3_enter"": 149.0, ""overheat4_enter"": 151.0, ""slope_thr"": 0.13, ""tp10_cap"": 0.95, ""tp10_trigger"": 0.12, ""vol_threshold"": 0.061}",True
C/reentry_ramp_0.8,C,0.40549359538681173,0.3759159302437549,-0.4038772913885891,-0.5330063051639613,0.4200947854871442,0.2851016992291884,0.6786604096944048,False,3805848738.598798,100.75,3673,,
C/cooldown_1d_cap_0.5,C,0.4127329848064749,0.38310434345351174,-0.40673875278394767,-0.535853543879198,0.4277955952839627,0.29120295384644757,0.6807058255313557,False,4089716168.1729555,100.35,3673,,
B/overheat_reserve_115_0.98,B,0.41528641682105794,0.3855995905290388,-0.40467333228735947,-0.5343244951558875,0.4299717311082536,0.29437729425496717,0.6846433682889075,False,4199353521.2030134,102.42999999999999,3673,,
B/overheat_reserve_118_0.98,B,0.4150175867810648,0.3853368589115804,-0.4046722983030393,-0.5343188086923193,0.43000155939091256,0.293496570186504,0.6825476879717255,False,4187686419.955846,102.22999999999999,3673,,
C/A/fine/0010/reentry_ramp_0.8,C-on-A,0.41642087837836606,0.3866268262361525,-0.4079970889448412,-0.5373650526390288,0.4286378903503927,0.3004152172812282,0.7008601526935754,True,4258970391.986842,101.44999999999999,3673,,
B/A/fine/0010/overheat_reserve_118_0.98,B-on-A,0.4274193654335041,0.3974966612544104,-0.4087769856593434,-0.5385608007303851,0.4399276042447757,0.31039951909680097,0.7055695439472688,True,4753176708.0134325,102.93,3673,,
C/A/fine/0028/reentry_ramp_0.8,C-on-A,0.41659662541456965,0.38680178990242564,-0.40800273864476655,-0.5372330399068778,0.42987579070440596,0.29833563200950075,0.6940042646287199,False,4266319504.255349,102.85,3673,,
B/A/fine/0028/overheat_reserve_118_0.98,B-on-A,0.4272718285796955,0.39735499694647736,-0.4087816583765098,-0.5384528208225963,0.44098985292886517,0.30770471476969674,0.6977591722939978,False,4745640684.85476,104.73,3673,,
C/A/fine/0001/reentry_ramp_0.8,C-on-A,0.41538157776185725,0.3856106460653643,-0.40789267844552357,-0.5371804887604505,0.4277844154366275,0.29905119463993723,0.699069867551636,False,4213494436.9076138,101.44999999999999,3673,,
B/A/fine/0001/overheat_reserve_118_0.98,B-on-A,0.42644740945222415,0.3965465896656841,-0.4086745583922512,-0.5383795519826297,0.4390663639052528,0.30925864836927475,0.7043551357899291,True,4706015539.611028,102.93,3673,,
